unique_id,ds,y,y_hat_naive2
Y1,1970-02-01,7290.2,7261.1
Y1,1970-02-02,7392.6,7261.1
Y1,1970-02-03,7527.6,7261.1
Y1,1970-02-04,7594.8,7261.1
Y1,1970-02-05,7720.7,7261.1
Y1,1970-02-06,7823.2,7261.1
Y10,1970-01-20,2170.204,2330.471
Y10,1970-01-21,2162.9,2330.471
Y10,1970-01-22,2181.906,2330.471
Y10,1970-01-23,2167.475,2330.471
Y10,1970-01-24,2135.708,2330.471
Y10,1970-01-25,2122.196,2330.471
Y100,1970-02-24,8511.492213,8338.638764
Y100,1970-02-25,8641.627995,8338.638764
Y100,1970-02-26,8642.419661,8338.638764
Y100,1970-02-27,8816.620618,8338.638764
Y100,1970-02-28,8799.285497,8338.638764
Y100,1970-03-01,8993.35407,8338.638764
Y101,1970-01-20,1890.107358,1590.551412
Y101,1970-01-21,2088.622714,1590.551412
Y101,1970-01-22,2162.075003,1590.551412
Y101,1970-01-23,2759.10773,1590.551412
Y101,1970-01-24,2547.947426,1590.551412
Y101,1970-01-25,2554.177494,1590.551412
Y102,1970-01-16,8842.116666,8927.531105
Y102,1970-01-17,8850.409191,8927.531105
Y102,1970-01-18,8878.049529,8927.531105
Y102,1970-01-19,8921.286405,8927.531105
Y102,1970-01-20,9182.042189,8927.531105
Y102,1970-01-21,9139.435762,8927.531105
Y103,1970-02-05,5266.499578,3609.351748
Y103,1970-02-06,5178.511666,3609.351748
Y103,1970-02-07,5064.666563,3609.351748
Y103,1970-02-08,5053.510339,3609.351748
Y103,1970-02-09,5038.717206,3609.351748
Y103,1970-02-10,5114.681166,3609.351748
Y104,1970-02-05,1736.928831,1775.434496
Y104,1970-02-06,1665.908761,1775.434496
Y104,1970-02-07,1706.114167,1775.434496
Y104,1970-02-08,1579.553209,1775.434496
Y104,1970-02-09,1831.244185,1775.434496
Y104,1970-02-10,1843.999151,1775.434496
Y105,1970-01-20,2301.457612,2071.877329
Y105,1970-01-21,2409.515782,2071.877329
Y105,1970-01-22,3214.755206,2071.877329
Y105,1970-01-23,3327.150411,2071.877329
Y105,1970-01-24,3047.057768,2071.877329
Y105,1970-01-25,3232.444424,2071.877329
Y106,1970-02-25,2028.097271,2114.13601
Y106,1970-02-26,2139.809885,2114.13601
Y106,1970-02-27,2160.610848,2114.13601
Y106,1970-02-28,1701.391832,2114.13601
Y106,1970-03-01,1364.414998,2114.13601
Y106,1970-03-02,1608.955005,2114.13601
Y107,1970-02-15,2876.957283,3078.553214
Y107,1970-02-16,2906.42791,3078.553214
Y107,1970-02-17,2948.470926,3078.553214
Y107,1970-02-18,2873.795766,3078.553214
Y107,1970-02-19,2970.12402,3078.553214
Y107,1970-02-20,3077.57496,3078.553214
Y108,1970-02-15,1229.852367,1225.398755
Y108,1970-02-16,1214.567813,1225.398755
Y108,1970-02-17,1358.956311,1225.398755
Y108,1970-02-18,1777.893165,1225.398755
Y108,1970-02-19,1563.522846,1225.398755
Y108,1970-02-20,2150.383616,1225.398755
Y109,1970-02-15,2675.113162,2524.977336
Y109,1970-02-16,2967.97814,2524.977336
Y109,1970-02-17,3420.707102,2524.977336
Y109,1970-02-18,3611.647303,2524.977336
Y109,1970-02-19,3713.924128,2524.977336
Y109,1970-02-20,3596.41535,2524.977336
Y11,1970-01-20,1442.03,1483.09
Y11,1970-01-21,1445.935,1483.09
Y11,1970-01-22,1455.686,1483.09
Y11,1970-01-23,1460.164,1483.09
Y11,1970-01-24,1462.11,1483.09
Y11,1970-01-25,1466.256,1483.09
Y110,1970-02-25,2028.831639,2004.690016
Y110,1970-02-26,2129.579591,2004.690016
Y110,1970-02-27,2172.871402,2004.690016
Y110,1970-02-28,2190.77729,2004.690016
Y110,1970-03-01,1957.962517,2004.690016
Y110,1970-03-02,1958.493502,2004.690016
Y111,1970-02-24,2546.670326,2662.906596
Y111,1970-02-25,2428.779618,2662.906596
Y111,1970-02-26,2279.587735,2662.906596
Y111,1970-02-27,2089.704454,2662.906596
Y111,1970-02-28,1688.400893,2662.906596
Y111,1970-03-01,2109.358266,2662.906596
Y112,1970-02-05,1197.099541,1244.505168
Y112,1970-02-06,1206.310052,1244.505168
Y112,1970-02-07,1249.502192,1244.505168
Y112,1970-02-08,1393.841685,1244.505168
Y112,1970-02-09,1509.945115,1244.505168
Y112,1970-02-10,1534.155809,1244.505168
Y113,1970-01-16,2158.180091,1817.138305
Y113,1970-01-17,2008.837288,1817.138305
Y113,1970-01-18,1614.103493,1817.138305
Y113,1970-01-19,1528.104912,1817.138305
Y113,1970-01-20,1622.819561,1817.138305
Y113,1970-01-21,1370.568808,1817.138305
Y114,1970-01-16,1932.653248,1909.95802
Y114,1970-01-17,2018.081695,1909.95802
Y114,1970-01-18,1900.163385,1909.95802
Y114,1970-01-19,1988.911009,1909.95802
Y114,1970-01-20,2026.481574,1909.95802
Y114,1970-01-21,1989.877657,1909.95802
Y115,1970-02-05,1642.07297,1627.6920690000002
Y115,1970-02-06,1579.234943,1627.6920690000002
Y115,1970-02-07,1676.666953,1627.6920690000002
Y115,1970-02-08,1759.756835,1627.6920690000002
Y115,1970-02-09,1925.526403,1627.6920690000002
Y115,1970-02-10,1752.42188,1627.6920690000002
Y116,1970-02-05,2163.924137,2171.208558
Y116,1970-02-06,2159.828904,2171.208558
Y116,1970-02-07,2169.486458,2171.208558
Y116,1970-02-08,2121.616695,2171.208558
Y116,1970-02-09,2115.133129,2171.208558
Y116,1970-02-10,2043.513552,2171.208558
Y117,1970-02-21,2434.527519,2163.421791
Y117,1970-02-22,2562.470298,2163.421791
Y117,1970-02-23,2632.314744,2163.421791
Y117,1970-02-24,3138.023916,2163.421791
Y117,1970-02-25,2102.306489,2163.421791
Y117,1970-02-26,2651.733213,2163.421791
Y118,1970-02-25,1924.031143,1801.528114
Y118,1970-02-26,2100.36408,1801.528114
Y118,1970-02-27,2208.149074,1801.528114
Y118,1970-02-28,2350.692709,1801.528114
Y118,1970-03-01,2131.580375,1801.528114
Y118,1970-03-02,2331.172094,1801.528114
Y119,1970-02-25,2639.706688,2489.499831
Y119,1970-02-26,2736.683628,2489.499831
Y119,1970-02-27,2824.059366,2489.499831
Y119,1970-02-28,2905.555888,2489.499831
Y119,1970-03-01,2571.752743,2489.499831
Y119,1970-03-02,2521.064767,2489.499831
Y12,1970-01-20,1936.0268,1966.8375
Y12,1970-01-21,1957.9027,1966.8375
Y12,1970-01-22,1987.1855,1966.8375
Y12,1970-01-23,2016.1373,1966.8375
Y12,1970-01-24,2034.6528,1966.8375
Y12,1970-01-25,2060.5974,1966.8375
Y120,1970-02-05,1782.342115,1949.0452609999998
Y120,1970-02-06,1712.620388,1949.0452609999998
Y120,1970-02-07,1818.680464,1949.0452609999998
Y120,1970-02-08,1766.685248,1949.0452609999998
Y120,1970-02-09,1749.319654,1949.0452609999998
Y120,1970-02-10,1772.746154,1949.0452609999998
Y121,1970-02-21,4625.219703,3782.1126650000006
Y121,1970-02-22,4079.093067,3782.1126650000006
Y121,1970-02-23,3673.89931,3782.1126650000006
Y121,1970-02-24,3386.583883,3782.1126650000006
Y121,1970-02-25,2138.256674,3782.1126650000006
Y121,1970-02-26,2856.367602,3782.1126650000006
Y122,1970-02-21,3005.499574,2238.589429
Y122,1970-02-22,3363.426434,2238.589429
Y122,1970-02-23,3171.680237,2238.589429
Y122,1970-02-24,3730.082271,2238.589429
Y122,1970-02-25,3761.08586,2238.589429
Y122,1970-02-26,4212.832161,2238.589429
Y123,1970-02-25,2400.477804,2341.903686
Y123,1970-02-26,2273.218998,2341.903686
Y123,1970-02-27,2337.299662,2341.903686
Y123,1970-02-28,2253.819172,2341.903686
Y123,1970-03-01,1879.810027,2341.903686
Y123,1970-03-02,1982.44989,2341.903686
Y124,1970-01-16,2643.71263,2440.119888
Y124,1970-01-17,1942.839885,2440.119888
Y124,1970-01-18,2125.509973,2440.119888
Y124,1970-01-19,2539.528574,2440.119888
Y124,1970-01-20,2605.021933,2440.119888
Y124,1970-01-21,2415.910498,2440.119888
Y125,1970-02-16,7958.325009,7991.541062
Y125,1970-02-17,7848.362683,7991.541062
Y125,1970-02-18,7862.539318,7991.541062
Y125,1970-02-19,8060.377528,7991.541062
Y125,1970-02-20,7948.082543,7991.541062
Y125,1970-02-21,7886.954514,7991.541062
Y126,1970-02-15,3536.958683,4259.34086
Y126,1970-02-16,3282.340483,4259.34086
Y126,1970-02-17,4049.20914,4259.34086
Y126,1970-02-18,3958.676768,4259.34086
Y126,1970-02-19,4744.562947,4259.34086
Y126,1970-02-20,3855.726837,4259.34086
Y127,1970-01-16,6946.601143,7007.778275
Y127,1970-01-17,6760.75175,7007.778275
Y127,1970-01-18,6804.373299,7007.778275
Y127,1970-01-19,6738.763463,7007.778275
Y127,1970-01-20,6559.428975,7007.778275
Y127,1970-01-21,6544.356018,7007.778275
Y128,1970-02-15,9431.594789,9464.507075
Y128,1970-02-16,9135.892148,9464.507075
Y128,1970-02-17,9080.769287,9464.507075
Y128,1970-02-18,9122.868227,9464.507075
Y128,1970-02-19,9492.629762,9464.507075
Y128,1970-02-20,8951.844856,9464.507075
Y129,1970-01-20,3115.170123,3469.471567
Y129,1970-01-21,3127.066984,3469.471567
Y129,1970-01-22,3241.321208,3469.471567
Y129,1970-01-23,2978.32969,3469.471567
Y129,1970-01-24,3800.674376,3469.471567
Y129,1970-01-25,3376.22116,3469.471567
Y13,1970-01-20,5109.5,4661.5
Y13,1970-01-21,4880.8,4661.5
Y13,1970-01-22,4991.3,4661.5
Y13,1970-01-23,5067.7,4661.5
Y13,1970-01-24,5412.5,4661.5
Y13,1970-01-25,5379.0,4661.5
Y130,1970-02-25,6749.240796,6776.338236
Y130,1970-02-26,6603.16904,6776.338236
Y130,1970-02-27,6526.55611,6776.338236
Y130,1970-02-28,6600.73861,6776.338236
Y130,1970-03-01,6971.436963,6776.338236
Y130,1970-03-02,6819.098406,6776.338236
Y131,1970-02-25,8125.61545,8254.140913
Y131,1970-02-26,8476.248204,8254.140913
Y131,1970-02-27,8148.29506,8254.140913
Y131,1970-02-28,8279.596991,8254.140913
Y131,1970-03-01,7943.913344,8254.140913
Y131,1970-03-02,7826.841103,8254.140913
Y132,1970-02-25,7235.632586,7246.454491
Y132,1970-02-26,7267.300458,7246.454491
Y132,1970-02-27,7168.412744,7246.454491
Y132,1970-02-28,7138.1777,7246.454491
Y132,1970-03-01,6981.248688,7246.454491
Y132,1970-03-02,6889.278953,7246.454491
Y133,1970-01-16,4871.057618,4564.938139
Y133,1970-01-17,5453.331287,4564.938139
Y133,1970-01-18,6079.931033,4564.938139
Y133,1970-01-19,6700.138514,4564.938139
Y133,1970-01-20,6614.091901,4564.938139
Y133,1970-01-21,6545.287411,4564.938139
Y134,1970-02-16,11082.15305,10457.21671
Y134,1970-02-17,11837.31348,10457.21671
Y134,1970-02-18,12678.95605,10457.21671
Y134,1970-02-19,13362.68055,10457.21671
Y134,1970-02-20,14271.79873,10457.21671
Y134,1970-02-21,15363.34294,10457.21671
Y135,1970-02-05,9196.636925,8297.31824
Y135,1970-02-06,10427.53794,8297.31824
Y135,1970-02-07,11586.61383,8297.31824
Y135,1970-02-08,12751.73032,8297.31824
Y135,1970-02-09,12599.42636,8297.31824
Y135,1970-02-10,13149.32826,8297.31824
Y136,1970-02-05,3270.499887,3256.9776840000004
Y136,1970-02-06,3932.130881,3256.9776840000004
Y136,1970-02-07,4241.109363,3256.9776840000004
Y136,1970-02-08,4387.247213,3256.9776840000004
Y136,1970-02-09,4869.409243,3256.9776840000004
Y136,1970-02-10,5448.608093,3256.9776840000004
Y137,1970-02-25,3473.093443,3244.6126710000003
Y137,1970-02-26,3708.520444,3244.6126710000003
Y137,1970-02-27,3862.304716,3244.6126710000003
Y137,1970-02-28,3983.965917,3244.6126710000003
Y137,1970-03-01,3731.803812,3244.6126710000003
Y137,1970-03-02,3877.463697,3244.6126710000003
Y138,1970-02-15,11683.53136,11546.31366
Y138,1970-02-16,12366.77641,11546.31366
Y138,1970-02-17,12646.53268,11546.31366
Y138,1970-02-18,14041.36682,11546.31366
Y138,1970-02-19,14836.59105,11546.31366
Y138,1970-02-20,15168.36613,11546.31366
Y139,1970-02-05,9926.563004,9777.968423
Y139,1970-02-06,10421.26354,9777.968423
Y139,1970-02-07,11075.15964,9777.968423
Y139,1970-02-08,12018.37425,9777.968423
Y139,1970-02-09,13214.65768,9777.968423
Y139,1970-02-10,14193.27974,9777.968423
Y14,1970-01-20,5198.0,5061.0
Y14,1970-01-21,4969.1,5061.0
Y14,1970-01-22,5156.8,5061.0
Y14,1970-01-23,5287.7,5061.0
Y14,1970-01-24,5609.8,5061.0
Y14,1970-01-25,5612.3,5061.0
Y140,1970-01-16,6671.368201,6051.208443
Y140,1970-01-17,7232.138737,6051.208443
Y140,1970-01-18,8101.997095,6051.208443
Y140,1970-01-19,8603.162327,6051.208443
Y140,1970-01-20,8597.5309,6051.208443
Y140,1970-01-21,8706.518166,6051.208443
Y141,1970-02-05,4210.958704,4213.163815
Y141,1970-02-06,5187.120672,4213.163815
Y141,1970-02-07,5912.309111,4213.163815
Y141,1970-02-08,6184.649096,4213.163815
Y141,1970-02-09,5739.21015,4213.163815
Y141,1970-02-10,5751.195002,4213.163815
Y142,1970-02-21,4964.204069,4733.69142
Y142,1970-02-22,5790.763698,4733.69142
Y142,1970-02-23,7170.188805,4733.69142
Y142,1970-02-24,7410.932207,4733.69142
Y142,1970-02-25,7995.936981,4733.69142
Y142,1970-02-26,8832.103145,4733.69142
Y143,1970-02-25,4926.092042,4361.414637
Y143,1970-02-26,5480.400619,4361.414637
Y143,1970-02-27,5724.471736,4361.414637
Y143,1970-02-28,6244.878512,4361.414637
Y143,1970-03-01,5581.988922,4361.414637
Y143,1970-03-02,5871.533061,4361.414637
Y144,1970-02-25,5567.231465,5019.938842
Y144,1970-02-26,6469.067704,5019.938842
Y144,1970-02-27,7246.88041,5019.938842
Y144,1970-02-28,7938.920505,5019.938842
Y144,1970-03-01,7932.79418,5019.938842
Y144,1970-03-02,8965.257815,5019.938842
Y145,1970-02-05,13365.25158,12414.76868
Y145,1970-02-06,14631.92824,12414.76868
Y145,1970-02-07,16228.04484,12414.76868
Y145,1970-02-08,17574.24566,12414.76868
Y145,1970-02-09,18272.48787,12414.76868
Y145,1970-02-10,19065.51043,12414.76868
Y146,1970-02-15,8733.269192,7872.604558000001
Y146,1970-02-16,9877.806764,7872.604558000001
Y146,1970-02-17,10717.41977,7872.604558000001
Y146,1970-02-18,11704.63016,7872.604558000001
Y146,1970-02-19,12448.44078,7872.604558000001
Y146,1970-02-20,13195.19889,7872.604558000001
Y147,1970-01-16,2278.89828,2141.952496
Y147,1970-01-17,2491.964697,2141.952496
Y147,1970-01-18,2779.996683,2141.952496
Y147,1970-01-19,2953.481918,2141.952496
Y147,1970-01-20,2771.233055,2141.952496
Y147,1970-01-21,2776.878803,2141.952496
Y148,1970-02-25,6984.929662,6652.369144000001
Y148,1970-02-26,7521.071829,6652.369144000001
Y148,1970-02-27,8264.629925,6652.369144000001
Y148,1970-02-28,9071.717619,6652.369144000001
Y148,1970-03-01,9003.430959,6652.369144000001
Y148,1970-03-02,9812.806854,6652.369144000001
Y149,1970-02-25,2996.105496,2800.269467
Y149,1970-02-26,3199.465271,2800.269467
Y149,1970-02-27,3370.130501,2800.269467
Y149,1970-02-28,3412.879785,2800.269467
Y149,1970-03-01,3186.107485,2800.269467
Y149,1970-03-02,3156.690887,2800.269467
Y15,1970-01-20,5616.4,5361.5
Y15,1970-01-21,5368.2,5361.5
Y15,1970-01-22,5739.3,5361.5
Y15,1970-01-23,5831.2,5361.5
Y15,1970-01-24,6491.5,5361.5
Y15,1970-01-25,6272.6,5361.5
Y150,1970-02-15,8630.14338,8484.865992
Y150,1970-02-16,8926.347114,8484.865992
Y150,1970-02-17,9494.554839,8484.865992
Y150,1970-02-18,10929.24655,8484.865992
Y150,1970-02-19,10033.7571,8484.865992
Y150,1970-02-20,9352.818303,8484.865992
Y151,1970-02-05,2098.914769,1941.653448
Y151,1970-02-06,2235.160265,1941.653448
Y151,1970-02-07,2365.772041,1941.653448
Y151,1970-02-08,2476.771424,1941.653448
Y151,1970-02-09,2393.699194,1941.653448
Y151,1970-02-10,2369.741848,1941.653448
Y152,1970-02-20,8058.202241,7537.664823
Y152,1970-02-21,8849.60595,7537.664823
Y152,1970-02-22,9787.700658,7537.664823
Y152,1970-02-23,10487.10515,7537.664823
Y152,1970-02-24,10158.10369,7537.664823
Y152,1970-02-25,11398.45008,7537.664823
Y153,1970-01-16,10904.37443,9642.566383
Y153,1970-01-17,12550.61601,9642.566383
Y153,1970-01-18,14898.58786,9642.566383
Y153,1970-01-19,17066.09813,9642.566383
Y153,1970-01-20,15001.73267,9642.566383
Y153,1970-01-21,16169.42961,9642.566383
Y154,1970-02-05,3426.35114,3244.633724
Y154,1970-02-06,4959.189839,3244.633724
Y154,1970-02-07,3701.62091,3244.633724
Y154,1970-02-08,4105.86627,3244.633724
Y154,1970-02-09,4763.090882,3244.633724
Y154,1970-02-10,5162.142513,3244.633724
Y155,1970-02-20,12197.95675,11801.86838
Y155,1970-02-21,13185.94138,11801.86838
Y155,1970-02-22,17730.89734,11801.86838
Y155,1970-02-23,18664.58025,11801.86838
Y155,1970-02-24,18796.13847,11801.86838
Y155,1970-02-25,21403.32131,11801.86838
Y156,1970-02-25,3389.267915,3219.081034
Y156,1970-02-26,3579.948541,3219.081034
Y156,1970-02-27,3810.776321,3219.081034
Y156,1970-02-28,3906.993499,3219.081034
Y156,1970-03-01,3897.807102,3219.081034
Y156,1970-03-02,3975.947574,3219.081034
Y157,1970-02-05,3037.972484,3016.688315
Y157,1970-02-06,3442.732516,3016.688315
Y157,1970-02-07,3753.857534,3016.688315
Y157,1970-02-08,3837.621994,3016.688315
Y157,1970-02-09,4343.844072,3016.688315
Y157,1970-02-10,4451.325277,3016.688315
Y158,1970-02-25,3467.74791,3241.6891289999994
Y158,1970-02-26,3706.092456,3241.6891289999994
Y158,1970-02-27,3862.263773,3241.6891289999994
Y158,1970-02-28,3986.951109,3241.6891289999994
Y158,1970-03-01,3732.404912,3241.6891289999994
Y158,1970-03-02,3874.650592,3241.6891289999994
Y159,1970-02-15,5988.778111,5063.960984
Y159,1970-02-16,6628.838563,5063.960984
Y159,1970-02-17,6840.604678,5063.960984
Y159,1970-02-18,7319.22587,5063.960984
Y159,1970-02-19,6437.790897,5063.960984
Y159,1970-02-20,7220.849431,5063.960984
Y16,1970-01-20,3063.2,2562.4
Y16,1970-01-21,2982.7,2562.4
Y16,1970-01-22,3012.5,2562.4
Y16,1970-01-23,3046.1,2562.4
Y16,1970-01-24,3171.5,2562.4
Y16,1970-01-25,3252.4,2562.4
Y160,1970-02-25,3137.976769,2993.91736
Y160,1970-02-26,3280.190207,2993.91736
Y160,1970-02-27,3441.006862,2993.91736
Y160,1970-02-28,3464.016682,2993.91736
Y160,1970-03-01,3319.289937,2993.91736
Y160,1970-03-02,3465.503836,2993.91736
Y161,1970-02-15,9398.249878,9025.922403
Y161,1970-02-16,9573.109467,9025.922403
Y161,1970-02-17,9710.769274,9025.922403
Y161,1970-02-18,9740.721337,9025.922403
Y161,1970-02-19,9665.730193,9025.922403
Y161,1970-02-20,9769.271636,9025.922403
Y162,1970-02-15,11806.10478,11479.99977
Y162,1970-02-16,12914.78976,11479.99977
Y162,1970-02-17,14456.31559,11479.99977
Y162,1970-02-18,16259.85923,11479.99977
Y162,1970-02-19,16288.22045,11479.99977
Y162,1970-02-20,16756.78181,11479.99977
Y163,1970-02-25,2998.459093,2912.857651
Y163,1970-02-26,3287.778827,2912.857651
Y163,1970-02-27,3468.756853,2912.857651
Y163,1970-02-28,3708.311221,2912.857651
Y163,1970-03-01,3966.162155,2912.857651
Y163,1970-03-02,4133.720642,2912.857651
Y164,1970-02-15,7175.019069,7000.286402000001
Y164,1970-02-16,7502.274832,7000.286402000001
Y164,1970-02-17,7599.401005,7000.286402000001
Y164,1970-02-18,8156.789419,7000.286402000001
Y164,1970-02-19,7729.911861,7000.286402000001
Y164,1970-02-20,8156.960461,7000.286402000001
Y165,1970-02-20,10482.19905,9541.112078
Y165,1970-02-21,11471.60951,9541.112078
Y165,1970-02-22,12388.53819,9541.112078
Y165,1970-02-23,13724.60344,9541.112078
Y165,1970-02-24,12862.4431,9541.112078
Y165,1970-02-25,13992.5397,9541.112078
Y166,1970-02-25,15107.4653,14951.862270000001
Y166,1970-02-26,16835.79657,14951.862270000001
Y166,1970-02-27,19164.69706,14951.862270000001
Y166,1970-02-28,18102.80097,14951.862270000001
Y166,1970-03-01,15411.33631,14951.862270000001
Y166,1970-03-02,16295.02422,14951.862270000001
Y167,1970-02-15,14155.00169,13236.35816
Y167,1970-02-16,14428.02406,13236.35816
Y167,1970-02-17,15239.19891,13236.35816
Y167,1970-02-18,15280.99574,13236.35816
Y167,1970-02-19,16042.44378,13236.35816
Y167,1970-02-20,16577.29016,13236.35816
Y168,1970-02-15,3722.747478,3224.658324
Y168,1970-02-16,3586.664218,3224.658324
Y168,1970-02-17,3673.335557,3224.658324
Y168,1970-02-18,3823.930043,3224.658324
Y168,1970-02-19,3999.6657,3224.658324
Y168,1970-02-20,4058.636446,3224.658324
Y169,1970-02-15,9317.556461,8333.216212
Y169,1970-02-16,9976.328717,8333.216212
Y169,1970-02-17,10618.12563,8333.216212
Y169,1970-02-18,11868.6105,8333.216212
Y169,1970-02-19,12570.88515,8333.216212
Y169,1970-02-20,13209.50164,8333.216212
Y17,1970-01-20,4062.8,3813.9
Y17,1970-01-21,3896.2,3813.9
Y17,1970-01-22,3931.4,3813.9
Y17,1970-01-23,3975.3,3813.9
Y17,1970-01-24,4132.9,3813.9
Y17,1970-01-25,4226.1,3813.9
Y170,1970-02-25,6766.794533,6254.086206
Y170,1970-02-26,7387.239332,6254.086206
Y170,1970-02-27,8031.685955,6254.086206
Y170,1970-02-28,8476.709088,6254.086206
Y170,1970-03-01,8405.478165,6254.086206
Y170,1970-03-02,8907.69685,6254.086206
Y171,1970-02-05,3037.972484,3117.543981
Y171,1970-02-06,3317.907186,3117.543981
Y171,1970-02-07,3504.703935,3117.543981
Y171,1970-02-08,3438.419369,3117.543981
Y171,1970-02-09,3857.273859,3117.543981
Y171,1970-02-10,3874.607129,3117.543981
Y172,1970-02-25,2074.695252,2121.884268
Y172,1970-02-26,2344.62161,2121.884268
Y172,1970-02-27,2476.097792,2121.884268
Y172,1970-02-28,2295.105465,2121.884268
Y172,1970-03-01,2279.948316,2121.884268
Y172,1970-03-02,2489.740358,2121.884268
Y173,1970-02-25,18240.10068,18099.46343
Y173,1970-02-26,18694.31017,18099.46343
Y173,1970-02-27,19604.47955,18099.46343
Y173,1970-02-28,19945.78965,18099.46343
Y173,1970-03-01,19021.83359,18099.46343
Y173,1970-03-02,18892.06319,18099.46343
Y174,1970-02-25,3229.3144,3174.11541
Y174,1970-02-26,3318.411665,3174.11541
Y174,1970-02-27,3498.738068,3174.11541
Y174,1970-02-28,3458.148479,3174.11541
Y174,1970-03-01,3129.258292,3174.11541
Y174,1970-03-02,3222.092546,3174.11541
Y175,1970-02-05,3587.534998,3522.1939219999995
Y175,1970-02-06,3593.038277,3522.1939219999995
Y175,1970-02-07,3517.023861,3522.1939219999995
Y175,1970-02-08,3445.769738,3522.1939219999995
Y175,1970-02-09,3475.86873,3522.1939219999995
Y175,1970-02-10,3591.837458,3522.1939219999995
Y176,1970-02-15,1110.031872,1133.904636
Y176,1970-02-16,1142.597094,1133.904636
Y176,1970-02-17,1136.682987,1133.904636
Y176,1970-02-18,1197.972249,1133.904636
Y176,1970-02-19,1248.996326,1133.904636
Y176,1970-02-20,1265.72584,1133.904636
Y177,1970-02-25,4024.722235,3915.274114
Y177,1970-02-26,4080.758224,3915.274114
Y177,1970-02-27,4132.336517,3915.274114
Y177,1970-02-28,3845.281939,3915.274114
Y177,1970-03-01,3497.174961,3915.274114
Y177,1970-03-02,3407.88772,3915.274114
Y178,1970-02-25,1510.74653,1548.769995
Y178,1970-02-26,1633.93121,1548.769995
Y178,1970-02-27,1798.01135,1548.769995
Y178,1970-02-28,1637.754563,1548.769995
Y178,1970-03-01,1375.819634,1548.769995
Y178,1970-03-02,1444.389866,1548.769995
Y179,1970-02-25,2025.753027,1935.911167
Y179,1970-02-26,2073.759214,1935.911167
Y179,1970-02-27,2132.684102,1935.911167
Y179,1970-02-28,2106.309957,1935.911167
Y179,1970-03-01,2154.018865,1935.911167
Y179,1970-03-02,2206.993745,1935.911167
Y18,1970-01-20,3517.3,3171.3
Y18,1970-01-21,3410.3,3171.3
Y18,1970-01-22,3471.0,3171.3
Y18,1970-01-23,3528.1,3171.3
Y18,1970-01-24,3651.0,3171.3
Y18,1970-01-25,3713.7,3171.3
Y180,1970-02-15,4198.861672,3957.2680720000003
Y180,1970-02-16,4523.57699,3957.2680720000003
Y180,1970-02-17,4966.22173,3957.2680720000003
Y180,1970-02-18,4927.255501,3957.2680720000003
Y180,1970-02-19,4632.736538,3957.2680720000003
Y180,1970-02-20,5237.467052,3957.2680720000003
Y181,1970-02-15,9317.556461,8641.221024
Y181,1970-02-16,9642.979973,8641.221024
Y181,1970-02-17,9931.594842,8641.221024
Y181,1970-02-18,10683.76269,8641.221024
Y181,1970-02-19,11186.72037,8641.221024
Y181,1970-02-20,11631.92807,8641.221024
Y182,1970-01-17,2240.141968,2195.926646
Y182,1970-01-18,2228.315309,2195.926646
Y182,1970-01-19,2262.230794,2195.926646
Y182,1970-01-20,2292.604509,2195.926646
Y182,1970-01-21,2336.114399,2195.926646
Y182,1970-01-22,2411.228316,2195.926646
Y183,1970-02-25,11706.954,11391.126
Y183,1970-02-26,11992.807,11391.126
Y183,1970-02-27,12263.596,11391.126
Y183,1970-02-28,12531.357,11391.126
Y183,1970-03-01,12799.293,11391.126
Y183,1970-03-02,13068.161,11391.126
Y184,1970-02-25,2023.2346,1999.5075
Y184,1970-02-26,2048.9472,1999.5075
Y184,1970-02-27,2074.9625,1999.5075
Y184,1970-02-28,2100.731,1999.5075
Y184,1970-03-01,2126.2641,1999.5075
Y184,1970-03-02,2151.5754,1999.5075
Y185,1970-02-25,1332.893,1341.664
Y185,1970-02-26,1324.333,1341.664
Y185,1970-02-27,1315.912,1341.664
Y185,1970-02-28,1307.605,1341.664
Y185,1970-03-01,1299.371,1341.664
Y185,1970-03-02,1291.17,1341.664
Y186,1970-02-25,2045.262,2040.0850000000003
Y186,1970-02-26,2050.554,2040.0850000000003
Y186,1970-02-27,2055.915,2040.0850000000003
Y186,1970-02-28,2061.315,2040.0850000000003
Y186,1970-03-01,2066.718,2040.0850000000003
Y186,1970-03-02,2072.086,2040.0850000000003
Y187,1970-02-25,4593.041,4574.56
Y187,1970-02-26,4610.82,4574.56
Y187,1970-02-27,4627.926,4574.56
Y187,1970-02-28,4644.457,4574.56
Y187,1970-03-01,4660.539,4574.56
Y187,1970-03-02,4676.305,4574.56
Y188,1970-02-25,2219.7164,2224.763
Y188,1970-02-26,2215.0478,2224.763
Y188,1970-02-27,2210.6151,2224.763
Y188,1970-02-28,2206.0808,2224.763
Y188,1970-03-01,2201.1818,2224.763
Y188,1970-03-02,2195.9278,2224.763
Y189,1970-02-25,10012.905,9913.681
Y189,1970-02-26,10111.973,9913.681
Y189,1970-02-27,10212.857,9913.681
Y189,1970-02-28,10315.836,9913.681
Y189,1970-03-01,10420.551,9913.681
Y189,1970-03-02,10525.041,9913.681
Y19,1970-01-20,2225.75,3005.53
Y19,1970-01-21,2448.49,3005.53
Y19,1970-01-22,2404.06,3005.53
Y19,1970-01-23,2586.15,3005.53
Y19,1970-01-24,2601.35,3005.53
Y19,1970-01-25,2615.08,3005.53
Y190,1970-02-05,8502.823671,7416.416676
Y190,1970-02-06,9258.687052,7416.416676
Y190,1970-02-07,9654.678183,7416.416676
Y190,1970-02-08,10593.86382,7416.416676
Y190,1970-02-09,11527.40638,7416.416676
Y190,1970-02-10,9845.463544,7416.416676
Y191,1970-02-05,4359.371109,4162.329593
Y191,1970-02-06,4503.972708,4162.329593
Y191,1970-02-07,5206.628677,4162.329593
Y191,1970-02-08,5884.846988,4162.329593
Y191,1970-02-09,5600.740345,4162.329593
Y191,1970-02-10,5303.743881,4162.329593
Y192,1970-02-15,5324.312411,5316.073504
Y192,1970-02-16,5394.204953,5316.073504
Y192,1970-02-17,5914.589934,5316.073504
Y192,1970-02-18,6811.617413,5316.073504
Y192,1970-02-19,6354.446181,5316.073504
Y192,1970-02-20,6430.436797,5316.073504
Y193,1970-02-25,10798.37527,10934.38744
Y193,1970-02-26,10805.62621,10934.38744
Y193,1970-02-27,11672.59071,10934.38744
Y193,1970-02-28,12375.73982,10934.38744
Y193,1970-03-01,11666.89969,10934.38744
Y193,1970-03-02,11144.59336,10934.38744
Y194,1970-02-24,8833.044807,8867.164074
Y194,1970-02-25,8811.941572,8867.164074
Y194,1970-02-26,9624.69472,8867.164074
Y194,1970-02-27,10463.49423,8867.164074
Y194,1970-02-28,10186.97434,8867.164074
Y194,1970-03-01,9763.401764,8867.164074
Y195,1970-02-25,12141.55705,12285.02906
Y195,1970-02-26,12298.60571,12285.02906
Y195,1970-02-27,13298.58031,12285.02906
Y195,1970-02-28,13861.25665,12285.02906
Y195,1970-03-01,12655.50173,12285.02906
Y195,1970-03-02,11648.68875,12285.02906
Y196,1970-02-25,10205.19159,10295.68189
Y196,1970-02-26,10194.70909,10295.68189
Y196,1970-02-27,11005.76594,10295.68189
Y196,1970-02-28,11715.52084,10295.68189
Y196,1970-03-01,11149.44387,10295.68189
Y196,1970-03-02,10634.41345,10295.68189
Y197,1970-02-05,3316.750012,3241.5266930000003
Y197,1970-02-06,3146.203362,3241.5266930000003
Y197,1970-02-07,3651.136793,3241.5266930000003
Y197,1970-02-08,3621.937891,3241.5266930000003
Y197,1970-02-09,3368.223538,3241.5266930000003
Y197,1970-02-10,3933.157405,3241.5266930000003
Y198,1970-02-15,5838.97093,5700.724217
Y198,1970-02-16,5591.015399,5700.724217
Y198,1970-02-17,5669.595406,5700.724217
Y198,1970-02-18,5210.244001,5700.724217
Y198,1970-02-19,5549.271176,5700.724217
Y198,1970-02-20,6617.037136,5700.724217
Y199,1970-02-25,6829.664954,6815.545705000001
Y199,1970-02-26,6788.636088,6815.545705000001
Y199,1970-02-27,7279.984539,6815.545705000001
Y199,1970-02-28,7890.479246,6815.545705000001
Y199,1970-03-01,7545.409078,6815.545705000001
Y199,1970-03-02,7189.111441,6815.545705000001
Y2,1970-02-01,1598.0,1603.0
Y2,1970-02-02,1366.0,1603.0
Y2,1970-02-03,1288.0,1603.0
Y2,1970-02-04,1148.0,1603.0
Y2,1970-02-05,1139.0,1603.0
Y2,1970-02-06,1062.0,1603.0
Y20,1970-01-20,6618.57,6451.26
Y20,1970-01-21,7190.36,6451.26
Y20,1970-01-22,7241.79,6451.26
Y20,1970-01-23,7562.98,6451.26
Y20,1970-01-24,7534.85,6451.26
Y20,1970-01-25,7461.09,6451.26
Y200,1970-02-15,4646.232732,4581.42617
Y200,1970-02-16,4656.435366,4581.42617
Y200,1970-02-17,4996.664237,4581.42617
Y200,1970-02-18,5254.701386,4581.42617
Y200,1970-02-19,4349.853174,4581.42617
Y200,1970-02-20,4644.38204,4581.42617
Y21,1970-01-20,6845.8,9333.9
Y21,1970-01-21,9518.2,9333.9
Y21,1970-01-22,8390.5,9333.9
Y21,1970-01-23,9581.9,9333.9
Y21,1970-01-24,9374.1,9333.9
Y21,1970-01-25,8733.5,9333.9
Y22,1970-01-20,3489.29,4467.72
Y22,1970-01-21,3718.48,4467.72
Y22,1970-01-22,3701.49,4467.72
Y22,1970-01-23,3982.13,4467.72
Y22,1970-01-24,3999.56,4467.72
Y22,1970-01-25,4078.38,4467.72
Y23,1970-01-20,7646.5,9979.6
Y23,1970-01-21,7951.6,9979.6
Y23,1970-01-22,7434.0,9979.6
Y23,1970-01-23,7537.1,9979.6
Y23,1970-01-24,7316.3,9979.6
Y23,1970-01-25,7240.9,9979.6
Y24,1970-01-20,7298.13,9163.98
Y24,1970-01-21,7758.95,9163.98
Y24,1970-01-22,7849.52,9163.98
Y24,1970-01-23,8138.36,9163.98
Y24,1970-01-24,7924.66,9163.98
Y24,1970-01-25,7853.05,9163.98
Y25,1970-01-20,2238.35,2395.63
Y25,1970-01-21,2473.02,2395.63
Y25,1970-01-22,2449.83,2395.63
Y25,1970-01-23,2508.1,2395.63
Y25,1970-01-24,2405.14,2395.63
Y25,1970-01-25,2344.65,2395.63
Y26,1970-01-20,5727.97,7514.58
Y26,1970-01-21,5875.35,7514.58
Y26,1970-01-22,5869.78,7514.58
Y26,1970-01-23,6260.36,7514.58
Y26,1970-01-24,6221.0,7514.58
Y26,1970-01-25,6273.72,7514.58
Y27,1970-01-20,1473.95,1794.733
Y27,1970-01-21,1552.501,1794.733
Y27,1970-01-22,1564.619,1794.733
Y27,1970-01-23,1612.608,1794.733
Y27,1970-01-24,1569.061,1794.733
Y27,1970-01-25,1555.66,1794.733
Y28,1970-01-20,1382.963,1754.91
Y28,1970-01-21,1432.702,1754.91
Y28,1970-01-22,1414.062,1754.91
Y28,1970-01-23,1479.589,1754.91
Y28,1970-01-24,1456.518,1754.91
Y28,1970-01-25,1465.493,1754.91
Y29,1970-01-20,3895.531,4197.853
Y29,1970-01-21,3878.19,4197.853
Y29,1970-01-22,3902.188,4197.853
Y29,1970-01-23,3885.841,4197.853
Y29,1970-01-24,3853.194,4197.853
Y29,1970-01-25,3842.311,4197.853
Y3,1970-02-01,8440.0,8380.0
Y3,1970-02-02,8660.0,8380.0
Y3,1970-02-03,8780.0,8380.0
Y3,1970-02-04,8830.0,8380.0
Y3,1970-02-05,8990.0,8380.0
Y3,1970-02-06,9230.0,8380.0
Y30,1970-01-20,4326.569,4427.045
Y30,1970-01-21,4352.551,4427.045
Y30,1970-01-22,4408.16,4427.045
Y30,1970-01-23,4450.216,4427.045
Y30,1970-01-24,4490.119,4427.045
Y30,1970-01-25,4552.869,4427.045
Y31,1970-01-20,3588.233,3771.984
Y31,1970-01-21,3612.289,3771.984
Y31,1970-01-22,3641.019,3771.984
Y31,1970-01-23,3633.453,3771.984
Y31,1970-01-24,3652.999,3771.984
Y31,1970-01-25,3652.519,3771.984
Y32,1970-01-20,5092.295,5393.773
Y32,1970-01-21,5060.605,5393.773
Y32,1970-01-22,5064.938,5393.773
Y32,1970-01-23,5059.442,5393.773
Y32,1970-01-24,5048.156,5393.773
Y32,1970-01-25,5053.33,5393.773
Y33,1970-01-20,1196.91,1258.931
Y33,1970-01-21,1186.359,1258.931
Y33,1970-01-22,1186.328,1258.931
Y33,1970-01-23,1186.805,1258.931
Y33,1970-01-24,1184.368,1258.931
Y33,1970-01-25,1181.182,1258.931
Y34,1970-01-20,1610.1949,1682.3135999999997
Y34,1970-01-21,1610.8123,1682.3135999999997
Y34,1970-01-22,1627.5814,1682.3135999999997
Y34,1970-01-23,1629.4475,1682.3135999999997
Y34,1970-01-24,1632.7424,1682.3135999999997
Y34,1970-01-25,1638.7307,1682.3135999999997
Y35,1970-01-20,3206.877,3370.141
Y35,1970-01-21,3186.738,3370.141
Y35,1970-01-22,3205.148,3370.141
Y35,1970-01-23,3204.902,3370.141
Y35,1970-01-24,3208.018,3370.141
Y35,1970-01-25,3234.029,3370.141
Y36,1970-01-20,1096.0059,1159.6736
Y36,1970-01-21,1092.0504,1159.6736
Y36,1970-01-22,1097.9697,1159.6736
Y36,1970-01-23,1095.344,1159.6736
Y36,1970-01-24,1088.2221,1159.6736
Y36,1970-01-25,1087.5634,1159.6736
Y37,1970-01-20,3751.41,3967.057
Y37,1970-01-21,3742.367,3967.057
Y37,1970-01-22,3776.237,3967.057
Y37,1970-01-23,3798.934,3967.057
Y37,1970-01-24,3798.104,3967.057
Y37,1970-01-25,3831.152,3967.057
Y38,1970-02-13,3846.0,1568.0
Y38,1970-02-14,4348.0,1568.0
Y38,1970-02-15,5891.0,1568.0
Y38,1970-02-16,6578.0,1568.0
Y38,1970-02-17,7103.0,1568.0
Y38,1970-02-18,7965.0,1568.0
Y39,1970-02-26,3672.0,3718.0
Y39,1970-02-27,3971.0,3718.0
Y39,1970-02-28,4518.0,3718.0
Y39,1970-03-01,5347.0,3718.0
Y39,1970-03-02,5933.0,3718.0
Y39,1970-03-03,6315.0,3718.0
Y4,1970-02-01,9540.0,9670.0
Y4,1970-02-02,9790.0,9670.0
Y4,1970-02-03,9940.0,9670.0
Y4,1970-02-04,9940.0,9670.0
Y4,1970-02-05,10110.0,9670.0
Y4,1970-02-06,10400.0,9670.0
Y40,1970-03-23,4830.2,4693.0
Y40,1970-03-24,4971.0,4693.0
Y40,1970-03-25,5137.0,4693.0
Y40,1970-03-26,5268.8,4693.0
Y40,1970-03-27,5448.4,4693.0
Y40,1970-03-28,5606.6,4693.0
Y41,1970-03-23,14970.8,14569.799999999997
Y41,1970-03-24,15241.0,14569.799999999997
Y41,1970-03-25,15562.1,14569.799999999997
Y41,1970-03-26,15822.2,14569.799999999997
Y41,1970-03-27,16192.5,14569.799999999997
Y41,1970-03-28,16570.4,14569.799999999997
Y42,1970-02-20,5775.2,5571.5
Y42,1970-02-21,5813.3,5571.5
Y42,1970-02-22,5780.9,5571.5
Y42,1970-02-23,5764.6,5571.5
Y42,1970-02-24,5899.0,5571.5
Y42,1970-02-25,6061.5,5571.5
Y43,1970-02-21,2969.0,2825.0
Y43,1970-02-22,2882.0,2825.0
Y43,1970-02-23,2911.0,2825.0
Y43,1970-02-24,2891.0,2825.0
Y43,1970-02-25,2929.0,2825.0
Y43,1970-02-26,3015.0,2825.0
Y44,1970-02-21,10323.5,10000.0
Y44,1970-02-22,10611.6,10000.0
Y44,1970-02-23,10682.5,10000.0
Y44,1970-02-24,10874.6,10000.0
Y44,1970-02-25,11138.6,10000.0
Y44,1970-02-26,11303.9,10000.0
Y45,1970-02-21,10242.4,10000.0
Y45,1970-02-22,10528.1,10000.0
Y45,1970-02-23,10638.5,10000.0
Y45,1970-02-24,10796.8,10000.0
Y45,1970-02-25,11009.8,10000.0
Y45,1970-02-26,11071.6,10000.0
Y46,1970-02-21,6536.0,6138.0
Y46,1970-02-22,6627.0,6138.0
Y46,1970-02-23,6545.0,6138.0
Y46,1970-02-24,6144.0,6138.0
Y46,1970-02-25,6011.0,6138.0
Y46,1970-02-26,5925.0,6138.0
Y47,1970-02-21,6544.0,6146.0
Y47,1970-02-22,6633.0,6146.0
Y47,1970-02-23,6552.0,6146.0
Y47,1970-02-24,6151.0,6146.0
Y47,1970-02-25,6017.0,6146.0
Y47,1970-02-26,5931.0,6146.0
Y48,1970-03-23,6200.0,6790.000000000001
Y48,1970-03-24,5910.0,6790.000000000001
Y48,1970-03-25,5740.0,6790.000000000001
Y48,1970-03-26,5620.0,6790.000000000001
Y48,1970-03-27,5550.0,6790.000000000001
Y48,1970-03-28,5580.0,6790.000000000001
Y49,1970-03-23,2495.6,2496.6
Y49,1970-03-24,2458.7,2496.6
Y49,1970-03-25,2438.5,2496.6
Y49,1970-03-26,2433.5,2496.6
Y49,1970-03-27,2432.7,2496.6
Y49,1970-03-28,2441.1,2496.6
Y5,1970-02-01,6840.0,6840.000000000001
Y5,1970-02-02,7420.0,6840.000000000001
Y5,1970-02-03,7570.0,6840.000000000001
Y5,1970-02-04,8010.0,6840.000000000001
Y5,1970-02-05,8240.0,6840.000000000001
Y5,1970-02-06,8730.0,6840.000000000001
Y50,1970-03-23,18306.0,18473.0
Y50,1970-03-24,18044.0,18473.0
Y50,1970-03-25,17971.0,18473.0
Y50,1970-03-26,18022.0,18473.0
Y50,1970-03-27,18115.0,18473.0
Y50,1970-03-28,18214.0,18473.0
Y51,1970-03-23,8042.0,8148.999999999999
Y51,1970-03-24,7867.0,8148.999999999999
Y51,1970-03-25,7733.0,8148.999999999999
Y51,1970-03-26,7749.0,8148.999999999999
Y51,1970-03-27,7800.0,8148.999999999999
Y51,1970-03-28,7842.0,8148.999999999999
Y52,1970-02-04,18378.0,16811.0
Y52,1970-02-05,20472.0,16811.0
Y52,1970-02-06,22631.0,16811.0
Y52,1970-02-07,24642.0,16811.0
Y52,1970-02-08,26404.0,16811.0
Y52,1970-02-09,28928.0,16811.0
Y53,1970-02-04,19983.0,18364.0
Y53,1970-02-05,17829.0,18364.0
Y53,1970-02-06,18727.0,18364.0
Y53,1970-02-07,18762.0,18364.0
Y53,1970-02-08,15267.0,18364.0
Y53,1970-02-09,13775.0,18364.0
Y54,1970-02-04,9071.0,8340.0
Y54,1970-02-05,9765.0,8340.0
Y54,1970-02-06,10836.0,8340.0
Y54,1970-02-07,12355.0,8340.0
Y54,1970-02-08,13979.0,8340.0
Y54,1970-02-09,15927.0,8340.0
Y55,1970-02-04,2840.07,2562.33
Y55,1970-02-05,3116.18,2562.33
Y55,1970-02-06,3472.21,2562.33
Y55,1970-02-07,3803.11,2562.33
Y55,1970-02-08,4164.57,2562.33
Y55,1970-02-09,4687.12,2562.33
Y56,1970-02-04,13365.0,11178.0
Y56,1970-02-05,15405.0,11178.0
Y56,1970-02-06,17620.0,11178.0
Y56,1970-02-07,20153.0,11178.0
Y56,1970-02-08,23291.0,11178.0
Y56,1970-02-09,28244.0,11178.0
Y57,1970-02-04,2187.7,2020.2000000000003
Y57,1970-02-05,2199.6,2020.2000000000003
Y57,1970-02-06,2211.1,2020.2000000000003
Y57,1970-02-07,2283.7,2020.2000000000003
Y57,1970-02-08,2366.7,2020.2000000000003
Y57,1970-02-09,2477.4,2020.2000000000003
Y58,1970-02-08,10423.9,10000.0
Y58,1970-02-09,11126.7,10000.0
Y58,1970-02-10,11241.9,10000.0
Y58,1970-02-11,11304.6,10000.0
Y58,1970-02-12,11564.1,10000.0
Y58,1970-02-13,11253.7,10000.0
Y59,1970-03-23,10116.0,10000.0
Y59,1970-03-24,10355.7,10000.0
Y59,1970-03-25,10462.3,10000.0
Y59,1970-03-26,10518.9,10000.0
Y59,1970-03-27,10638.2,10000.0
Y59,1970-03-28,10674.7,10000.0
Y6,1970-01-20,3751.79,4009.21
Y6,1970-01-21,3854.54,4009.21
Y6,1970-01-22,4003.45,4009.21
Y6,1970-01-23,4229.12,4009.21
Y6,1970-01-24,4502.05,4009.21
Y6,1970-01-25,4741.77,4009.21
Y60,1970-02-02,10158.9,10000.0
Y60,1970-02-03,10411.4,10000.0
Y60,1970-02-04,10601.4,10000.0
Y60,1970-02-05,10754.8,10000.0
Y60,1970-02-06,10941.7,10000.0
Y60,1970-02-07,10991.8,10000.0
Y61,1970-03-23,10723.6,10000.0
Y61,1970-03-24,11585.6,10000.0
Y61,1970-03-25,12141.4,10000.0
Y61,1970-03-26,12129.6,10000.0
Y61,1970-03-27,12427.8,10000.0
Y61,1970-03-28,12071.4,10000.0
Y62,1970-03-06,12374.0,10000.0
Y62,1970-03-07,19998.5,10000.0
Y62,1970-03-08,19194.1,10000.0
Y62,1970-03-09,19298.3,10000.0
Y62,1970-03-10,16731.6,10000.0
Y62,1970-03-11,10097.0,10000.0
Y63,1970-02-13,10759.2,10000.0
Y63,1970-02-14,12039.8,10000.0
Y63,1970-02-15,11941.5,10000.0
Y63,1970-02-16,12122.8,10000.0
Y63,1970-02-17,12091.7,10000.0
Y63,1970-02-18,11554.0,10000.0
Y64,1970-02-11,12289.6,13098.699999999999
Y64,1970-02-12,10000.0,13098.699999999999
Y64,1970-02-13,11175.1,13098.699999999999
Y64,1970-02-14,11355.5,13098.699999999999
Y64,1970-02-15,11607.1,13098.699999999999
Y64,1970-02-16,12471.4,13098.699999999999
Y65,1970-02-05,9834.6,10355.6
Y65,1970-02-06,10091.5,10355.6
Y65,1970-02-07,9753.2,10355.6
Y65,1970-02-08,9170.3,10355.6
Y65,1970-02-09,8312.2,10355.6
Y65,1970-02-10,7702.7,10355.6
Y66,1970-01-24,10352.5,10000.0
Y66,1970-01-25,10810.8,10000.0
Y66,1970-01-26,11297.4,10000.0
Y66,1970-01-27,11698.9,10000.0
Y66,1970-01-28,12081.1,10000.0
Y66,1970-01-29,12792.3,10000.0
Y67,1970-02-21,10573.2,10000.0
Y67,1970-02-22,10926.4,10000.0
Y67,1970-02-23,10910.6,10000.0
Y67,1970-02-24,11052.3,10000.0
Y67,1970-02-25,11385.9,10000.0
Y67,1970-02-26,11727.0,10000.0
Y68,1970-03-23,9994.8,10000.0
Y68,1970-03-24,10327.5,10000.0
Y68,1970-03-25,10441.1,10000.0
Y68,1970-03-26,10716.0,10000.0
Y68,1970-03-27,11208.9,10000.0
Y68,1970-03-28,11345.9,10000.0
Y69,1970-01-24,10260.3,10000.0
Y69,1970-01-25,10624.7,10000.0
Y69,1970-01-26,11111.6,10000.0
Y69,1970-01-27,11113.8,10000.0
Y69,1970-01-28,11676.7,10000.0
Y69,1970-01-29,12467.4,10000.0
Y7,1970-01-20,3169.24,3669.46
Y7,1970-01-21,3188.37,3669.46
Y7,1970-01-22,3231.05,3669.46
Y7,1970-01-23,3318.34,3669.46
Y7,1970-01-24,3430.45,3669.46
Y7,1970-01-25,3540.68,3669.46
Y70,1970-02-21,10402.3,10000.0
Y70,1970-02-22,11053.8,10000.0
Y70,1970-02-23,11672.6,10000.0
Y70,1970-02-24,12154.8,10000.0
Y70,1970-02-25,12726.6,10000.0
Y70,1970-02-26,13657.5,10000.0
Y71,1970-02-21,8714.5,10000.0
Y71,1970-02-22,9541.0,10000.0
Y71,1970-02-23,9797.1,10000.0
Y71,1970-02-24,10591.5,10000.0
Y71,1970-02-25,11418.0,10000.0
Y71,1970-02-26,12029.9,10000.0
Y72,1970-02-21,10164.3,10000.0
Y72,1970-02-22,10184.0,10000.0
Y72,1970-02-23,10253.7,10000.0
Y72,1970-02-24,10101.8,10000.0
Y72,1970-02-25,10112.9,10000.0
Y72,1970-02-26,10359.1,10000.0
Y73,1970-02-21,11374.4,10000.0
Y73,1970-02-22,10557.0,10000.0
Y73,1970-02-23,10271.2,10000.0
Y73,1970-02-24,9743.6,10000.0
Y73,1970-02-25,9543.9,10000.0
Y73,1970-02-26,9055.8,10000.0
Y74,1970-02-21,10060.5,10000.0
Y74,1970-02-22,10683.9,10000.0
Y74,1970-02-23,10703.2,10000.0
Y74,1970-02-24,10589.9,10000.0
Y74,1970-02-25,10263.1,10000.0
Y74,1970-02-26,10462.2,10000.0
Y75,1970-02-21,9754.3,10000.0
Y75,1970-02-22,9379.4,10000.0
Y75,1970-02-23,9084.8,10000.0
Y75,1970-02-24,9028.6,10000.0
Y75,1970-02-25,9158.4,10000.0
Y75,1970-02-26,9617.7,10000.0
Y76,1970-02-21,9551.5,10000.0
Y76,1970-02-22,8804.3,10000.0
Y76,1970-02-23,8365.4,10000.0
Y76,1970-02-24,8158.1,10000.0
Y76,1970-02-25,8029.0,10000.0
Y76,1970-02-26,8272.4,10000.0
Y77,1970-02-21,9921.9,10000.0
Y77,1970-02-22,10233.8,10000.0
Y77,1970-02-23,10710.4,10000.0
Y77,1970-02-24,10730.0,10000.0
Y77,1970-02-25,10999.5,10000.0
Y77,1970-02-26,11401.0,10000.0
Y78,1970-03-06,10012.49,9677.98
Y78,1970-03-07,10425.61,9677.98
Y78,1970-03-08,10740.19,9677.98
Y78,1970-03-09,11156.42,9677.98
Y78,1970-03-10,11535.03,9677.98
Y78,1970-03-11,11810.02,9677.98
Y79,1970-03-06,4523.75,4681.46
Y79,1970-03-07,4518.98,4681.46
Y79,1970-03-08,5053.22,4681.46
Y79,1970-03-09,5712.02,4681.46
Y79,1970-03-10,6108.11,4681.46
Y79,1970-03-11,6880.9,4681.46
Y8,1970-01-20,2357.8,2400.96
Y8,1970-01-21,2357.19,2400.96
Y8,1970-01-22,2359.22,2400.96
Y8,1970-01-23,2346.79,2400.96
Y8,1970-01-24,2349.57,2400.96
Y8,1970-01-25,2352.89,2400.96
Y80,1970-03-07,4285.7,3570.0000000000005
Y80,1970-03-08,5165.3,3570.0000000000005
Y80,1970-03-09,5396.7,3570.0000000000005
Y80,1970-03-10,4488.9,3570.0000000000005
Y80,1970-03-11,4349.7,3570.0000000000005
Y80,1970-03-12,4169.0,3570.0000000000005
Y81,1970-03-06,4591.3,4342.75
Y81,1970-03-07,4634.52,4342.75
Y81,1970-03-08,4594.0,4342.75
Y81,1970-03-09,4471.59,4342.75
Y81,1970-03-10,4544.02,4342.75
Y81,1970-03-11,4636.48,4342.75
Y82,1970-03-06,12559.86,10797.11
Y82,1970-03-07,14452.06,10797.11
Y82,1970-03-08,15460.04,10797.11
Y82,1970-03-09,16994.23,10797.11
Y82,1970-03-10,18604.08,10797.11
Y82,1970-03-11,20098.51,10797.11
Y83,1970-03-06,9603.53,9347.82
Y83,1970-03-07,9940.24,9347.82
Y83,1970-03-08,10169.12,9347.82
Y83,1970-03-09,10500.8,9347.82
Y83,1970-03-10,10756.51,9347.82
Y83,1970-03-11,10982.52,9347.82
Y84,1970-02-06,3692.0,3729.9999999999995
Y84,1970-02-07,3717.0,3729.9999999999995
Y84,1970-02-08,3784.0,3729.9999999999995
Y84,1970-02-09,3852.0,3729.9999999999995
Y84,1970-02-10,3709.0,3729.9999999999995
Y84,1970-02-11,3761.0,3729.9999999999995
Y85,1970-03-22,1863.0,1551.0
Y85,1970-03-23,1852.0,1551.0
Y85,1970-03-24,2155.0,1551.0
Y85,1970-03-25,2152.0,1551.0
Y85,1970-03-26,2534.0,1551.0
Y85,1970-03-27,2407.0,1551.0
Y86,1970-03-22,2357.0,2541.0
Y86,1970-03-23,2666.0,2541.0
Y86,1970-03-24,3113.0,2541.0
Y86,1970-03-25,2818.0,2541.0
Y86,1970-03-26,2690.0,2541.0
Y86,1970-03-27,2745.0,2541.0
Y87,1970-02-28,9777.0,10070.0
Y87,1970-03-01,9445.0,10070.0
Y87,1970-03-02,9758.0,10070.0
Y87,1970-03-03,10945.0,10070.0
Y87,1970-03-04,12347.0,10070.0
Y87,1970-03-05,11728.0,10070.0
Y88,1970-02-04,9630.0,9600.0
Y88,1970-02-05,2950.0,9600.0
Y88,1970-02-06,8980.0,9600.0
Y88,1970-02-07,5700.0,9600.0
Y88,1970-02-08,5930.0,9600.0
Y88,1970-02-09,6760.0,9600.0
Y89,1970-03-17,591.0,723.0
Y89,1970-03-18,749.0,723.0
Y89,1970-03-19,3393.0,723.0
Y89,1970-03-20,5532.0,723.0
Y89,1970-03-21,7612.0,723.0
Y89,1970-03-22,7419.0,723.0
Y9,1970-01-20,2234.891,2290.372
Y9,1970-01-21,2235.605,2290.372
Y9,1970-01-22,2234.682,2290.372
Y9,1970-01-23,2232.185,2290.372
Y9,1970-01-24,2217.827,2290.372
Y9,1970-01-25,2206.212,2290.372
Y90,1970-02-21,7370.0,6310.0
Y90,1970-02-22,6240.0,6310.0
Y90,1970-02-23,5220.0,6310.0
Y90,1970-02-24,5770.0,6310.0
Y90,1970-02-25,5760.0,6310.0
Y90,1970-02-26,5270.0,6310.0
Y91,1970-03-26,7900.0,7900.0
Y91,1970-03-27,8100.0,7900.0
Y91,1970-03-28,8400.0,7900.0
Y91,1970-03-29,8800.0,7900.0
Y91,1970-03-30,8500.0,7900.0
Y91,1970-03-31,8800.0,7900.0
Y92,1970-01-20,1738.79,1653.73
Y92,1970-01-21,1309.25,1653.73
Y92,1970-01-22,1332.96,1653.73
Y92,1970-01-23,1671.22,1653.73
Y92,1970-01-24,1247.06,1653.73
Y92,1970-01-25,1126.32,1653.73
Y93,1970-02-16,8179.503022,8055.884076000001
Y93,1970-02-17,7961.522124,8055.884076000001
Y93,1970-02-18,7880.144762,8055.884076000001
Y93,1970-02-19,7834.042281,8055.884076000001
Y93,1970-02-20,7811.190179,8055.884076000001
Y93,1970-02-21,7876.932044,8055.884076000001
Y94,1970-02-25,6766.492268,6687.457788000001
Y94,1970-02-26,6818.940605,6687.457788000001
Y94,1970-02-27,6808.068775,6687.457788000001
Y94,1970-02-28,6826.616113,6687.457788000001
Y94,1970-03-01,7121.455572,6687.457788000001
Y94,1970-03-02,7189.763667,6687.457788000001
Y95,1970-02-25,6491.262566,6480.49773
Y95,1970-02-26,6556.567073,6480.49773
Y95,1970-02-27,6691.477647,6480.49773
Y95,1970-02-28,6867.815696,6480.49773
Y95,1970-03-01,7153.783337,6480.49773
Y95,1970-03-02,7149.86989,6480.49773
Y96,1970-02-22,7541.882668,7330.140732
Y96,1970-02-23,7563.246815,7330.140732
Y96,1970-02-24,8276.070465,7330.140732
Y96,1970-02-25,8772.407446,7330.140732
Y96,1970-02-26,7992.98888,7330.140732
Y96,1970-02-27,8097.88432,7330.140732
Y97,1970-02-25,6372.817439,6402.791178000001
Y97,1970-02-26,6335.121402,6402.791178000001
Y97,1970-02-27,6297.091716,6402.791178000001
Y97,1970-02-28,6355.53714,6402.791178000001
Y97,1970-03-01,6760.106504,6402.791178000001
Y97,1970-03-02,6608.052647,6402.791178000001
Y98,1970-02-25,8864.83042,8736.578367
Y98,1970-02-26,9131.047774,8736.578367
Y98,1970-02-27,9169.057104,8736.578367
Y98,1970-02-28,9079.217031,8736.578367
Y98,1970-03-01,9293.295217,8736.578367
Y98,1970-03-02,9003.762213,8736.578367
Y99,1970-02-25,8066.341997,8102.356431
Y99,1970-02-26,8039.185746,8102.356431
Y99,1970-02-27,7908.631386,8102.356431
Y99,1970-02-28,7840.263257,8102.356431
Y99,1970-03-01,7963.129617,8102.356431
Y99,1970-03-02,7666.321479,8102.356431
